INSERT INTO Tipo_Usuario (Usuario, Pasword, Puesto) VALUES('Usuario3', MD5('123'), 'Empleado3');

INSERT INTO Tipo_Usuario (Usuario, Pasword, Puesto) VALUES('Usuario4', MD5('123'), 'Empleado4');

INSERT INTO Tipo_Usuario (Usuario, Pasword, Puesto) VALUES('Usuario5', MD5('123'), 'Empleado5');

INSERT INTO Tipo_Usuario (Usuario, Pasword, Puesto) VALUES('Usuario6', MD5('123'), 'Empleado6');

INSERT INTO Tipo_Usuario (Usuario, Pasword, Puesto) VALUES('Usuario7', MD5('123'), 'Empleado7');

INSERT INTO Tipo_Usuario (Usuario, Pasword, Puesto) VALUES('Usuario8', MD5('123'), 'Empleado8');

INSERT INTO Tipo_Usuario (Usuario, Pasword, Puesto) VALUES('Usuario9', MD5('123'), 'Empleado9');

INSERT INTO Tipo_Usuario (Usuario, Pasword, Puesto) VALUES('Usuario10', MD5('123'), 'Empleado10');

INSERT INTO Tipo_Usuario (Usuario, Pasword, Puesto) VALUES('Usuario11', MD5('123'), 'Empleado11');

INSERT INTO Tipo_Usuario (Usuario, Pasword, Puesto) VALUES('Usuario12', MD5('123'), 'Empleado12');

INSERT INTO Usuario (Id_Tipo, Rfc, Nombre, A_paterno, A_Materno, Fecha_Registro, Fecha_Nacimiento, Telefono, Email, Domicilio) VALUES(5, 'RFC00030000', 'Usuario3', 'ApellidoP3', 'ApellidoM3', '2025-06-25', '1993-04-15', '5550000003', 'usuario3@dominio.com', 'Domicilio 3 Col. Prueba');

INSERT INTO Usuario (Id_Tipo, Rfc, Nombre, A_paterno, A_Materno, Fecha_Registro, Fecha_Nacimiento, Telefono, Email, Domicilio) VALUES(1, 'RFC00040000', 'Usuario4', 'ApellidoP4', 'ApellidoM4', '2025-06-25', '1994-05-15', '5550000004', 'usuario4@dominio.com', 'Domicilio 4 Col. Prueba');

INSERT INTO Usuario (Id_Tipo, Rfc, Nombre, A_paterno, A_Materno, Fecha_Registro, Fecha_Nacimiento, Telefono, Email, Domicilio) VALUES(4, 'RFC00050000', 'Usuario5', 'ApellidoP5', 'ApellidoM5', '2025-06-25', '1995-06-15', '5550000005', 'usuario5@dominio.com', 'Domicilio 5 Col. Prueba');

INSERT INTO Usuario (Id_Tipo, Rfc, Nombre, A_paterno, A_Materno, Fecha_Registro, Fecha_Nacimiento, Telefono, Email, Domicilio) VALUES(7, 'RFC00060000', 'Usuario6', 'ApellidoP6', 'ApellidoM6', '2025-06-25', '1996-07-15', '5550000006', 'usuario6@dominio.com', 'Domicilio 6 Col. Prueba');

INSERT INTO Usuario (Id_Tipo, Rfc, Nombre, A_paterno, A_Materno, Fecha_Registro, Fecha_Nacimiento, Telefono, Email, Domicilio) VALUES(9, 'RFC00070000', 'Usuario7', 'ApellidoP7', 'ApellidoM7', '2025-06-25', '1997-08-15', '5550000007', 'usuario7@dominio.com', 'Domicilio 7 Col. Prueba');

INSERT INTO Usuario (Id_Tipo, Rfc, Nombre, A_paterno, A_Materno, Fecha_Registro, Fecha_Nacimiento, Telefono, Email, Domicilio) VALUES(10, 'RFC00080000', 'Usuario8', 'ApellidoP8', 'ApellidoM8', '2025-06-25', '1998-09-15', '5550000008', 'usuario8@dominio.com', 'Domicilio 8 Col. Prueba');

INSERT INTO Usuario (Id_Tipo, Rfc, Nombre, A_paterno, A_Materno, Fecha_Registro, Fecha_Nacimiento, Telefono, Email, Domicilio) VALUES(5, 'RFC00090000', 'Usuario9', 'ApellidoP9', 'ApellidoM9', '2025-06-25', '1999-01-15', '5550000009', 'usuario9@dominio.com', 'Domicilio 9 Col. Prueba');

INSERT INTO Usuario (Id_Tipo, Rfc, Nombre, A_paterno, A_Materno, Fecha_Registro, Fecha_Nacimiento, Telefono, Email, Domicilio) VALUES(1, 'RFC00100000', 'Usuario10', 'ApellidoP10', 'ApellidoM10', '2025-06-25', '1990-02-15', '5550000010', 'usuario10@dominio.com', 'Domicilio 10 Col. Prueba');

INSERT INTO Usuario (Id_Tipo, Rfc, Nombre, A_paterno, A_Materno, Fecha_Registro, Fecha_Nacimiento, Telefono, Email, Domicilio) VALUES(3, 'RFC00110000', 'Usuario11', 'ApellidoP11', 'ApellidoM11', '2025-06-25', '1991-03-15', '5550000011', 'usuario11@dominio.com', 'Domicilio 11 Col. Prueba');

INSERT INTO Usuario (Id_Tipo, Rfc, Nombre, A_paterno, A_Materno, Fecha_Registro, Fecha_Nacimiento, Telefono, Email, Domicilio) VALUES(3, 'RFC00120000', 'Usuario12', 'ApellidoP12', 'ApellidoM12', '2025-06-25', '1992-04-15', '5550000012', 'usuario12@dominio.com', 'Domicilio 12 Col. Prueba');

INSERT INTO Cliente (Rfc, Nombre, A_paterno, A_Materno, Fecha_Registro, Fecha_Nacimiento, Telefono, Email, Domicilio, Limite_Credito, Credito_Usado) VALUES('RFC00020000', 'Cliente2', 'ApellidoP2', 'ApellidoM2', '2025-06-25', '1982-03-20', '5560000002', 'cliente2@dominio.com', 'Domicilio 2 Col. Cliente', 7415, 1881);

INSERT INTO Cliente (Rfc, Nombre, A_paterno, A_Materno, Fecha_Registro, Fecha_Nacimiento, Telefono, Email, Domicilio, Limite_Credito, Credito_Usado) VALUES('RFC00030000', 'Cliente3', 'ApellidoP3', 'ApellidoM3', '2025-06-25', '1983-04-20', '5560000003', 'cliente3@dominio.com', 'Domicilio 3 Col. Cliente', 11544, 1482);

INSERT INTO Cliente (Rfc, Nombre, A_paterno, A_Materno, Fecha_Registro, Fecha_Nacimiento, Telefono, Email, Domicilio, Limite_Credito, Credito_Usado) VALUES('RFC00040000', 'Cliente4', 'ApellidoP4', 'ApellidoM4', '2025-06-25', '1984-05-20', '5560000004', 'cliente4@dominio.com', 'Domicilio 4 Col. Cliente', 7882, 6375);

INSERT INTO Cliente (Rfc, Nombre, A_paterno, A_Materno, Fecha_Registro, Fecha_Nacimiento, Telefono, Email, Domicilio, Limite_Credito, Credito_Usado) VALUES('RFC00050000', 'Cliente5', 'ApellidoP5', 'ApellidoM5', '2025-06-25', '1985-06-20', '5560000005', 'cliente5@dominio.com', 'Domicilio 5 Col. Cliente', 9657, 2026);

INSERT INTO Cliente (Rfc, Nombre, A_paterno, A_Materno, Fecha_Registro, Fecha_Nacimiento, Telefono, Email, Domicilio, Limite_Credito, Credito_Usado) VALUES('RFC00060000', 'Cliente6', 'ApellidoP6', 'ApellidoM6', '2025-06-25', '1986-07-20', '5560000006', 'cliente6@dominio.com', 'Domicilio 6 Col. Cliente', 8386, 6729);

INSERT INTO Cliente (Rfc, Nombre, A_paterno, A_Materno, Fecha_Registro, Fecha_Nacimiento, Telefono, Email, Domicilio, Limite_Credito, Credito_Usado) VALUES('RFC00070000', 'Cliente7', 'ApellidoP7', 'ApellidoM7', '2025-06-25', '1987-08-20', '5560000007', 'cliente7@dominio.com', 'Domicilio 7 Col. Cliente', 10060, 1805);

INSERT INTO Cliente (Rfc, Nombre, A_paterno, A_Materno, Fecha_Registro, Fecha_Nacimiento, Telefono, Email, Domicilio, Limite_Credito, Credito_Usado) VALUES('RFC00080000', 'Cliente8', 'ApellidoP8', 'ApellidoM8', '2025-06-25', '1988-09-20', '5560000008', 'cliente8@dominio.com', 'Domicilio 8 Col. Cliente', 11210, 5003);

INSERT INTO Cliente (Rfc, Nombre, A_paterno, A_Materno, Fecha_Registro, Fecha_Nacimiento, Telefono, Email, Domicilio, Limite_Credito, Credito_Usado) VALUES('RFC00090000', 'Cliente9', 'ApellidoP9', 'ApellidoM9', '2025-06-25', '1989-01-20', '5560000009', 'cliente9@dominio.com', 'Domicilio 9 Col. Cliente', 18659, 1230);

INSERT INTO Cliente (Rfc, Nombre, A_paterno, A_Materno, Fecha_Registro, Fecha_Nacimiento, Telefono, Email, Domicilio, Limite_Credito, Credito_Usado) VALUES('RFC00100000', 'Cliente10', 'ApellidoP10', 'ApellidoM10', '2025-06-25', '1980-02-20', '5560000010', 'cliente10@dominio.com', 'Domicilio 10 Col. Cliente', 10155, 652);

INSERT INTO Cliente (Rfc, Nombre, A_paterno, A_Materno, Fecha_Registro, Fecha_Nacimiento, Telefono, Email, Domicilio, Limite_Credito, Credito_Usado) VALUES('RFC00110000', 'Cliente11', 'ApellidoP11', 'ApellidoM11', '2025-06-25', '1981-03-20', '5560000011', 'cliente11@dominio.com', 'Domicilio 11 Col. Cliente', 10564, 512);

INSERT INTO Productos (Codigo, Nombre, Descripcion, Stock, Fecha_Caducidad, Fecha_Registro, Costo, Precio) VALUES
('1001', 'Producto1', 'Descripcion 1', 59, '2026-05-18', '2025-06-25', 16, 32),
('1002', 'Producto2', 'Descripcion 2', 77, '2026-07-05', '2025-06-25', 26, 46),
('1003', 'Producto3', 'Descripcion 3', 117, '2026-01-26', '2025-06-25', 31, 49),
('1004', 'Producto4', 'Descripcion 4', 97, '2026-09-06', '2025-06-25', 33, 53),
('1005', 'Producto5', 'Descripcion 5', 95, '2026-11-27', '2025-06-25', 40, 52),
('1006', 'Producto6', 'Descripcion 6', 133, '2026-05-12', '2025-06-25', 46, 55),
('1007', 'Producto7', 'Descripcion 7', 51, '2026-02-07', '2025-06-25', 14, 28),
('1008', 'Producto8', 'Descripcion 8', 163, '2026-06-03', '2025-06-25', 37, 45),
('1009', 'Producto9', 'Descripcion 9', 148, '2026-01-23', '2025-06-25', 11, 20),
('1010', 'Producto10', 'Descripcion 10', 200, '2026-05-19', '2025-06-25', 39, 54),
('1011', 'Producto11', 'Descripcion 11', 70, '2026-12-05', '2025-06-25', 30, 42),
('1012', 'Producto12', 'Descripcion 12', 150, '2026-02-27', '2025-06-25', 13, 24),
('1013', 'Producto13', 'Descripcion 13', 168, '2026-03-19', '2025-06-25', 27, 41),
('1014', 'Producto14', 'Descripcion 14', 81, '2026-05-08', '2025-06-25', 21, 26),
('1015', 'Producto15', 'Descripcion 15', 129, '2026-11-27', '2025-06-25', 37, 47),
('1016', 'Producto16', 'Descripcion 16', 152, '2026-11-22', '2025-06-25', 22, 42),
('1017', 'Producto17', 'Descripcion 17', 161, '2026-06-14', '2025-06-25', 25, 40),
('1018', 'Producto18', 'Descripcion 18', 103, '2026-06-16', '2025-06-25', 33, 42),
('1019', 'Producto19', 'Descripcion 19', 177, '2026-09-17', '2025-06-25', 21, 35),
('1020', 'Producto20', 'Descripcion 20', 97, '2026-05-13', '2025-06-25', 38, 47),
('1021', 'Producto21', 'Descripcion 21', 87, '2026-02-13', '2025-06-25', 12, 23),
('1022', 'Producto22', 'Descripcion 22', 103, '2026-07-10', '2025-06-25', 19, 32),
('1023', 'Producto23', 'Descripcion 23', 56, '2026-09-10', '2025-06-25', 40, 56),
('1024', 'Producto24', 'Descripcion 24', 67, '2026-10-13', '2025-06-25', 25, 41),
('1025', 'Producto25', 'Descripcion 25', 93, '2026-05-19', '2025-06-25', 28, 46),
('1026', 'Producto26', 'Descripcion 26', 81, '2026-06-07', '2025-06-25', 29, 42),
('1027', 'Producto27', 'Descripcion 27', 114, '2026-10-18', '2025-06-25', 15, 21),
('1028', 'Producto28', 'Descripcion 28', 95, '2026-01-19', '2025-06-25', 48, 63),
('1029', 'Producto29', 'Descripcion 29', 138, '2026-05-20', '2025-06-25', 30, 38),
('1030', 'Producto30', 'Descripcion 30', 119, '2026-04-28', '2025-06-25', 27, 36),
('1031', 'Producto31', 'Descripcion 31', 100, '2026-09-15', '2025-06-25', 16, 32),
('1032', 'Producto32', 'Descripcion 32', 139, '2026-06-19', '2025-06-25', 49, 58),
('1033', 'Producto33', 'Descripcion 33', 135, '2026-07-16', '2025-06-25', 11, 24),
('1034', 'Producto34', 'Descripcion 34', 154, '2026-11-11', '2025-06-25', 13, 21),
('1035', 'Producto35', 'Descripcion 35', 181, '2026-08-17', '2025-06-25', 30, 42),
('1036', 'Producto36', 'Descripcion 36', 146, '2026-11-08', '2025-06-25', 38, 45),
('1037', 'Producto37', 'Descripcion 37', 134, '2026-12-13', '2025-06-25', 17, 24),
('1038', 'Producto38', 'Descripcion 38', 61, '2026-02-20', '2025-06-25', 36, 53),
('1039', 'Producto39', 'Descripcion 39', 188, '2026-06-21', '2025-06-25', 49, 62),
('1040', 'Producto40', 'Descripcion 40', 89, '2026-12-02', '2025-06-25', 43, 51),
('1041', 'Producto41', 'Descripcion 41', 88, '2026-01-14', '2025-06-25', 40, 59),
('1042', 'Producto42', 'Descripcion 42', 134, '2026-12-01', '2025-06-25', 47, 62),
('1043', 'Producto43', 'Descripcion 43', 62, '2026-11-09', '2025-06-25', 18, 34),
('1044', 'Producto44', 'Descripcion 44', 147, '2026-11-03', '2025-06-25', 39, 51),
('1045', 'Producto45', 'Descripcion 45', 67, '2026-02-07', '2025-06-25', 15, 22),
('1046', 'Producto46', 'Descripcion 46', 108, '2026-11-04', '2025-06-25', 33, 39),
('1047', 'Producto47', 'Descripcion 47', 82, '2026-05-12', '2025-06-25', 40, 56),
('1048', 'Producto48', 'Descripcion 48', 151, '2026-01-25', '2025-06-25', 29, 41),
('1049', 'Producto49', 'Descripcion 49', 162, '2026-05-25', '2025-06-25', 19, 27),
('1050', 'Producto50', 'Descripcion 50', 145, '2026-02-19', '2025-06-25', 28, 37),
('1051', 'Producto51', 'Descripcion 51', 170, '2026-07-17', '2025-06-25', 19, 32),
('1052', 'Producto52', 'Descripcion 52', 127, '2026-01-24', '2025-06-25', 16, 23),
('1053', 'Producto53', 'Descripcion 53', 97, '2026-04-11', '2025-06-25', 49, 65),
('1054', 'Producto54', 'Descripcion 54', 145, '2026-04-24', '2025-06-25', 18, 35),
('1055', 'Producto55', 'Descripcion 55', 132, '2026-03-08', '2025-06-25', 46, 56),
('1056', 'Producto56', 'Descripcion 56', 188, '2026-07-05', '2025-06-25', 38, 43),
('1057', 'Producto57', 'Descripcion 57', 121, '2026-02-28', '2025-06-25', 49, 57),
('1058', 'Producto58', 'Descripcion 58', 68, '2026-04-23', '2025-06-25', 49, 54),
('1059', 'Producto59', 'Descripcion 59', 122, '2026-03-27', '2025-06-25', 50, 67),
('1060', 'Producto60', 'Descripcion 60', 60, '2026-05-26', '2025-06-25', 15, 34),
('1061', 'Producto61', 'Descripcion 61', 186, '2026-06-18', '2025-06-25', 47, 66),
('1062', 'Producto62', 'Descripcion 62', 173, '2026-08-19', '2025-06-25', 42, 53),
('1063', 'Producto63', 'Descripcion 63', 143, '2026-01-09', '2025-06-25', 35, 49),
('1064', 'Producto64', 'Descripcion 64', 180, '2026-08-09', '2025-06-25', 11, 23),
('1065', 'Producto65', 'Descripcion 65', 135, '2026-09-03', '2025-06-25', 33, 47),
('1066', 'Producto66', 'Descripcion 66', 95, '2026-09-01', '2025-06-25', 50, 62),
('1067', 'Producto67', 'Descripcion 67', 150, '2026-03-08', '2025-06-25', 38, 50),
('1068', 'Producto68', 'Descripcion 68', 171, '2026-12-01', '2025-06-25', 15, 27),
('1069', 'Producto69', 'Descripcion 69', 178, '2026-04-16', '2025-06-25', 43, 57),
('1070', 'Producto70', 'Descripcion 70', 152, '2026-09-10', '2025-06-25', 13, 24),
('1071', 'Producto71', 'Descripcion 71', 195, '2026-10-20', '2025-06-25', 40, 51),
('1072', 'Producto72', 'Descripcion 72', 99, '2026-05-10', '2025-06-25', 42, 58),
('1073', 'Producto73', 'Descripcion 73', 122, '2026-12-01', '2025-06-25', 42, 62),
('1074', 'Producto74', 'Descripcion 74', 172, '2026-07-19', '2025-06-25', 23, 29),
('1075', 'Producto75', 'Descripcion 75', 147, '2026-05-20', '2025-06-25', 23, 30),
('1076', 'Producto76', 'Descripcion 76', 55, '2026-01-06', '2025-06-25', 22, 31),
('1077', 'Producto77', 'Descripcion 77', 108, '2026-09-26', '2025-06-25', 32, 40),
('1078', 'Producto78', 'Descripcion 78', 180, '2026-04-21', '2025-06-25', 42, 52),
('1079', 'Producto79', 'Descripcion 79', 60, '2026-10-04', '2025-06-25', 45, 65),
('1080', 'Producto80', 'Descripcion 80', 109, '2026-05-09', '2025-06-25', 39, 47),
('1081', 'Producto81', 'Descripcion 81', 174, '2026-12-16', '2025-06-25', 11, 16),
('1082', 'Producto82', 'Descripcion 82', 169, '2026-07-28', '2025-06-25', 23, 36),
('1083', 'Producto83', 'Descripcion 83', 186, '2026-08-17', '2025-06-25', 27, 36),
('1084', 'Producto84', 'Descripcion 84', 54, '2026-12-18', '2025-06-25', 44, 57),
('1085', 'Producto85', 'Descripcion 85', 119, '2026-08-25', '2025-06-25', 39, 54),
('1086', 'Producto86', 'Descripcion 86', 155, '2026-03-11', '2025-06-25', 15, 33),
('1087', 'Producto87', 'Descripcion 87', 160, '2026-12-17', '2025-06-25', 33, 50),
('1088', 'Producto88', 'Descripcion 88', 79, '2026-03-08', '2025-06-25', 20, 39),
('1089', 'Producto89', 'Descripcion 89', 100, '2026-02-09', '2025-06-25', 20, 40),
('1090', 'Producto90', 'Descripcion 90', 134, '2026-05-14', '2025-06-25', 29, 37),
('1091', 'Producto91', 'Descripcion 91', 85, '2026-01-26', '2025-06-25', 39, 57),
('1092', 'Producto92', 'Descripcion 92', 113, '2026-09-10', '2025-06-25', 32, 39),
('1093', 'Producto93', 'Descripcion 93', 199, '2026-07-26', '2025-06-25', 31, 40),
('1094', 'Producto94', 'Descripcion 94', 106, '2026-02-07', '2025-06-25', 17, 30),
('1095', 'Producto95', 'Descripcion 95', 111, '2026-12-19', '2025-06-25', 27, 43),
('1096', 'Producto96', 'Descripcion 96', 50, '2026-12-09', '2025-06-25', 18, 24),
('1097', 'Producto97', 'Descripcion 97', 167, '2026-11-16', '2025-06-25', 39, 54),
('1098', 'Producto98', 'Descripcion 98', 109, '2026-03-01', '2025-06-25', 31, 45),
('1099', 'Producto99', 'Descripcion 99', 191, '2026-11-16', '2025-06-25', 42, 51),
('1100', 'Producto100', 'Descripcion 100', 56, '2026-01-20', '2025-06-25', 33, 47);

INSERT INTO Ventas (Codigo_pro, Id_Vendedor, Cliente_Id, Fecha_Venta, No_venta, Cantidad, Precio_al_dia, Tipo_Pago) VALUES
('1011', 2, 7, '2025-06-25', 1, 8, 47, 'Crédito'),
('1038', 9, 5, '2025-06-25', 2, 9, 36, 'Crédito'),
('1051', 4, 4, '2025-06-25', 3, 3, 39, 'Crédito'),
('1017', 7, 7, '2025-06-25', 4, 7, 34, 'Crédito'),
('1035', 1, 3, '2025-06-25', 5, 9, 32, 'Contado'),
('1020', 10, 2, '2025-06-25', 6, 2, 20, 'Contado'),
('1080', 6, 9, '2025-06-25', 7, 9, 40, 'Crédito'),
('1062', 6, 1, '2025-06-25', 8, 9, 30, 'Contado'),
('1047', 4, 4, '2025-06-25', 9, 9, 34, 'Crédito'),
('1055', 8, 2, '2025-06-25', 10, 6, 25, 'Contado'),
('1075', 9, 4, '2025-06-25', 11, 1, 24, 'Crédito'),
('1086', 7, 2, '2025-06-25', 12, 8, 33, 'Crédito'),
('1036', 8, 5, '2025-06-25', 13, 9, 34, 'Contado'),
('1089', 6, 4, '2025-06-25', 14, 9, 32, 'Contado'),
('1095', 3, 6, '2025-06-25', 15, 9, 46, 'Contado'),
('1032', 4, 5, '2025-06-25', 16, 9, 23, 'Crédito'),
('1036', 6, 6, '2025-06-25', 17, 9, 28, 'Contado'),
('1076', 3, 2, '2025-06-25', 18, 6, 45, 'Crédito'),
('1091', 1, 4, '2025-06-25', 19, 7, 24, 'Contado'),
('1086', 7, 9, '2025-06-25', 20, 8, 49, 'Crédito'),
('1092', 5, 4, '2025-06-25', 21, 1, 46, 'Contado'),
('1100', 2, 1, '2025-06-25', 22, 9, 31, 'Contado'),
('1068', 7, 3, '2025-06-25', 23, 4, 31, 'Crédito'),
('1074', 7, 4, '2025-06-25', 24, 6, 22, 'Crédito'),
('1091', 5, 10, '2025-06-25', 25, 7, 46, 'Crédito'),
('1083', 1, 10, '2025-06-25', 26, 3, 39, 'Crédito'),
('1086', 3, 2, '2025-06-25', 27, 8, 20, 'Contado'),
('1081', 10, 6, '2025-06-25', 28, 6, 25, 'Crédito'),
('1080', 9, 9, '2025-06-25', 29, 3, 41, 'Crédito'),
('1019', 10, 1, '2025-06-25', 30, 1, 32, 'Contado'),
('1089', 3, 9, '2025-06-25', 31, 5, 33, 'Crédito'),
('1036', 9, 10, '2025-06-25', 32, 7, 43, 'Contado'),
('1008', 6, 1, '2025-06-25', 33, 3, 22, 'Crédito'),
('1059', 1, 10, '2025-06-25', 34, 5, 37, 'Contado'),
('1083', 4, 6, '2025-06-25', 35, 10, 35, 'Contado'),
('1026', 4, 10, '2025-06-25', 36, 9, 44, 'Crédito'),
('1044', 4, 5, '2025-06-25', 37, 8, 44, 'Contado'),
('1084', 10, 1, '2025-06-25', 38, 8, 36, 'Contado'),
('1083', 2, 3, '2025-06-25', 39, 5, 33, 'Crédito'),
('1095', 3, 3, '2025-06-25', 40, 10, 46, 'Crédito'),
('1049', 9, 2, '2025-06-25', 41, 5, 45, 'Contado'),
('1075', 3, 7, '2025-06-25', 42, 3, 27, 'Contado'),
('1027', 3, 1, '2025-06-25', 43, 8, 48, 'Contado'),
('1079', 1, 4, '2025-06-25', 44, 4, 33, 'Crédito'),
('1041', 5, 9, '2025-06-25', 45, 9, 26, 'Crédito'),
('1071', 2, 9, '2025-06-25', 46, 2, 38, 'Contado'),
('1079', 5, 10, '2025-06-25', 47, 7, 23, 'Crédito'),
('1024', 5, 6, '2025-06-25', 48, 9, 29, 'Crédito'),
('1029', 10, 1, '2025-06-25', 49, 4, 28, 'Contado'),
('1080', 7, 6, '2025-06-25', 50, 5, 21, 'Contado');